[{"model": "auth.permission", "pk": 1, "fields": {"name": "Can add permission", "content_type": 1, "codename": "add_permission"}}, {"model": "auth.permission", "pk": 2, "fields": {"name": "Can change permission", "content_type": 1, "codename": "change_permission"}}, {"model": "auth.permission", "pk": 3, "fields": {"name": "Can delete permission", "content_type": 1, "codename": "delete_permission"}}, {"model": "auth.permission", "pk": 4, "fields": {"name": "Can view permission", "content_type": 1, "codename": "view_permission"}}, {"model": "auth.permission", "pk": 5, "fields": {"name": "Can add group", "content_type": 2, "codename": "add_group"}}, {"model": "auth.permission", "pk": 6, "fields": {"name": "Can change group", "content_type": 2, "codename": "change_group"}}, {"model": "auth.permission", "pk": 7, "fields": {"name": "Can delete group", "content_type": 2, "codename": "delete_group"}}, {"model": "auth.permission", "pk": 8, "fields": {"name": "Can view group", "content_type": 2, "codename": "view_group"}}, {"model": "auth.permission", "pk": 9, "fields": {"name": "Can add content type", "content_type": 3, "codename": "add_contenttype"}}, {"model": "auth.permission", "pk": 10, "fields": {"name": "Can change content type", "content_type": 3, "codename": "change_contenttype"}}, {"model": "auth.permission", "pk": 11, "fields": {"name": "Can delete content type", "content_type": 3, "codename": "delete_contenttype"}}, {"model": "auth.permission", "pk": 12, "fields": {"name": "Can view content type", "content_type": 3, "codename": "view_contenttype"}}, {"model": "auth.permission", "pk": 13, "fields": {"name": "Can add session", "content_type": 4, "codename": "add_session"}}, {"model": "auth.permission", "pk": 14, "fields": {"name": "Can change session", "content_type": 4, "codename": "change_session"}}, {"model": "auth.permission", "pk": 15, "fields": {"name": "Can delete session", "content_type": 4, "codename": "delete_session"}}, {"model": "auth.permission", "pk": 16, "fields": {"name": "Can view session", "content_type": 4, "codename": "view_session"}}, {"model": "auth.permission", "pk": 17, "fields": {"name": "Can add serviço", "content_type": 5, "codename": "add_service"}}, {"model": "auth.permission", "pk": 18, "fields": {"name": "Can change serviço", "content_type": 5, "codename": "change_service"}}, {"model": "auth.permission", "pk": 19, "fields": {"name": "Can delete serviço", "content_type": 5, "codename": "delete_service"}}, {"model": "auth.permission", "pk": 20, "fields": {"name": "Can view serviço", "content_type": 5, "codename": "view_service"}}, {"model": "auth.permission", "pk": 21, "fields": {"name": "Can add item de serviço", "content_type": 6, "codename": "add_serviceitem"}}, {"model": "auth.permission", "pk": 22, "fields": {"name": "Can change item de serviço", "content_type": 6, "codename": "change_serviceitem"}}, {"model": "auth.permission", "pk": 23, "fields": {"name": "Can delete item de serviço", "content_type": 6, "codename": "delete_serviceitem"}}, {"model": "auth.permission", "pk": 24, "fields": {"name": "Can view item de serviço", "content_type": 6, "codename": "view_serviceitem"}}, {"model": "auth.permission", "pk": 25, "fields": {"name": "Can add ordem de serviço", "content_type": 7, "codename": "add_serviceorder"}}, {"model": "auth.permission", "pk": 26, "fields": {"name": "Can change ordem de serviço", "content_type": 7, "codename": "change_serviceorder"}}, {"model": "auth.permission", "pk": 27, "fields": {"name": "Can delete ordem de serviço", "content_type": 7, "codename": "delete_serviceorder"}}, {"model": "auth.permission", "pk": 28, "fields": {"name": "Can view ordem de serviço", "content_type": 7, "codename": "view_serviceorder"}}, {"model": "auth.permission", "pk": 29, "fields": {"name": "Can add service item order", "content_type": 8, "codename": "add_serviceitemorder"}}, {"model": "auth.permission", "pk": 30, "fields": {"name": "Can change service item order", "content_type": 8, "codename": "change_serviceitemorder"}}, {"model": "auth.permission", "pk": 31, "fields": {"name": "Can delete service item order", "content_type": 8, "codename": "delete_serviceitemorder"}}, {"model": "auth.permission", "pk": 32, "fields": {"name": "Can view service item order", "content_type": 8, "codename": "view_serviceitemorder"}}, {"model": "auth.permission", "pk": 33, "fields": {"name": "Can add Funcionário", "content_type": 9, "codename": "add_employee"}}, {"model": "auth.permission", "pk": 34, "fields": {"name": "Can change Funcionário", "content_type": 9, "codename": "change_employee"}}, {"model": "auth.permission", "pk": 35, "fields": {"name": "Can delete Funcionário", "content_type": 9, "codename": "delete_employee"}}, {"model": "auth.permission", "pk": 36, "fields": {"name": "Can view Funcionário", "content_type": 9, "codename": "view_employee"}}, {"model": "auth.permission", "pk": 37, "fields": {"name": "Can add Carro", "content_type": 10, "codename": "add_car"}}, {"model": "auth.permission", "pk": 38, "fields": {"name": "Can change Carro", "content_type": 10, "codename": "change_car"}}, {"model": "auth.permission", "pk": 39, "fields": {"name": "Can delete Carro", "content_type": 10, "codename": "delete_car"}}, {"model": "auth.permission", "pk": 40, "fields": {"name": "Can view Carro", "content_type": 10, "codename": "view_car"}}, {"model": "auth.permission", "pk": 41, "fields": {"name": "Can add empresa", "content_type": 11, "codename": "add_company"}}, {"model": "auth.permission", "pk": 42, "fields": {"name": "Can change empresa", "content_type": 11, "codename": "change_company"}}, {"model": "auth.permission", "pk": 43, "fields": {"name": "Can delete empresa", "content_type": 11, "codename": "delete_company"}}, {"model": "auth.permission", "pk": 44, "fields": {"name": "Can view empresa", "content_type": 11, "codename": "view_company"}}, {"model": "auth.permission", "pk": 45, "fields": {"name": "Can add Cliente", "content_type": 12, "codename": "add_client"}}, {"model": "auth.permission", "pk": 46, "fields": {"name": "Can change Cliente", "content_type": 12, "codename": "change_client"}}, {"model": "auth.permission", "pk": 47, "fields": {"name": "Can delete Cliente", "content_type": 12, "codename": "delete_client"}}, {"model": "auth.permission", "pk": 48, "fields": {"name": "Can view Cliente", "content_type": 12, "codename": "view_client"}}, {"model": "auth.permission", "pk": 49, "fields": {"name": "Can add service invoice", "content_type": 13, "codename": "add_serviceinvoice"}}, {"model": "auth.permission", "pk": 50, "fields": {"name": "Can change service invoice", "content_type": 13, "codename": "change_serviceinvoice"}}, {"model": "auth.permission", "pk": 51, "fields": {"name": "Can delete service invoice", "content_type": 13, "codename": "delete_serviceinvoice"}}, {"model": "auth.permission", "pk": 52, "fields": {"name": "Can view service invoice", "content_type": 13, "codename": "view_serviceinvoice"}}, {"model": "auth.permission", "pk": 53, "fields": {"name": "Can add invoice service item", "content_type": 14, "codename": "add_invoiceserviceitem"}}, {"model": "auth.permission", "pk": 54, "fields": {"name": "Can change invoice service item", "content_type": 14, "codename": "change_invoiceserviceitem"}}, {"model": "auth.permission", "pk": 55, "fields": {"name": "Can delete invoice service item", "content_type": 14, "codename": "delete_invoiceserviceitem"}}, {"model": "auth.permission", "pk": 56, "fields": {"name": "Can view invoice service item", "content_type": 14, "codename": "view_invoiceserviceitem"}}, {"model": "auth.permission", "pk": 57, "fields": {"name": "Can add source", "content_type": 15, "codename": "add_source"}}, {"model": "auth.permission", "pk": 58, "fields": {"name": "Can change source", "content_type": 15, "codename": "change_source"}}, {"model": "auth.permission", "pk": 59, "fields": {"name": "Can delete source", "content_type": 15, "codename": "delete_source"}}, {"model": "auth.permission", "pk": 60, "fields": {"name": "Can view source", "content_type": 15, "codename": "view_source"}}, {"model": "auth.permission", "pk": 61, "fields": {"name": "Can add thumbnail", "content_type": 16, "codename": "add_thumbnail"}}, {"model": "auth.permission", "pk": 62, "fields": {"name": "Can change thumbnail", "content_type": 16, "codename": "change_thumbnail"}}, {"model": "auth.permission", "pk": 63, "fields": {"name": "Can delete thumbnail", "content_type": 16, "codename": "delete_thumbnail"}}, {"model": "auth.permission", "pk": 64, "fields": {"name": "Can view thumbnail", "content_type": 16, "codename": "view_thumbnail"}}, {"model": "auth.permission", "pk": 65, "fields": {"name": "Can add thumbnail dimensions", "content_type": 17, "codename": "add_thumbnaildimensions"}}, {"model": "auth.permission", "pk": 66, "fields": {"name": "Can change thumbnail dimensions", "content_type": 17, "codename": "change_thumbnaildimensions"}}, {"model": "auth.permission", "pk": 67, "fields": {"name": "Can delete thumbnail dimensions", "content_type": 17, "codename": "delete_thumbnaildimensions"}}, {"model": "auth.permission", "pk": 68, "fields": {"name": "Can view thumbnail dimensions", "content_type": 17, "codename": "view_thumbnaildimensions"}}, {"model": "contenttypes.contenttype", "pk": 1, "fields": {"app_label": "auth", "model": "permission"}}, {"model": "contenttypes.contenttype", "pk": 2, "fields": {"app_label": "auth", "model": "group"}}, {"model": "contenttypes.contenttype", "pk": 3, "fields": {"app_label": "contenttypes", "model": "contenttype"}}, {"model": "contenttypes.contenttype", "pk": 4, "fields": {"app_label": "sessions", "model": "session"}}, {"model": "contenttypes.contenttype", "pk": 5, "fields": {"app_label": "service", "model": "service"}}, {"model": "contenttypes.contenttype", "pk": 6, "fields": {"app_label": "service", "model": "serviceitem"}}, {"model": "contenttypes.contenttype", "pk": 7, "fields": {"app_label": "service", "model": "serviceorder"}}, {"model": "contenttypes.contenttype", "pk": 8, "fields": {"app_label": "service", "model": "serviceitemorder"}}, {"model": "contenttypes.contenttype", "pk": 9, "fields": {"app_label": "inventory", "model": "employee"}}, {"model": "contenttypes.contenttype", "pk": 10, "fields": {"app_label": "inventory", "model": "car"}}, {"model": "contenttypes.contenttype", "pk": 11, "fields": {"app_label": "inventory", "model": "company"}}, {"model": "contenttypes.contenttype", "pk": 12, "fields": {"app_label": "inventory", "model": "client"}}, {"model": "contenttypes.contenttype", "pk": 13, "fields": {"app_label": "finance", "model": "serviceinvoice"}}, {"model": "contenttypes.contenttype", "pk": 14, "fields": {"app_label": "finance", "model": "invoiceserviceitem"}}, {"model": "contenttypes.contenttype", "pk": 15, "fields": {"app_label": "easy_thumbnails", "model": "source"}}, {"model": "contenttypes.contenttype", "pk": 16, "fields": {"app_label": "easy_thumbnails", "model": "thumbnail"}}, {"model": "contenttypes.contenttype", "pk": 17, "fields": {"app_label": "easy_thumbnails", "model": "thumbnaildimensions"}}, {"model": "sessions.session", "pk": "e1cwb37pgyqy65az0j5hkwqxt615jjnm", "fields": {"session_data": ".eJxVzMsKwjAQheF3yVpCJpeOcSn4HGGaTElQ02LShYjvroUudHu-w_8Sgdaew9r4EUoSJwHi8LuNFK9cN6BlaXIDrr1E6mWuctcmL_flNj-Zz_v9r5Gp5W8gOasBlFXgkGkwaIejpxQTJjV6MFHzAOgmz045Yx2g1kieKSqd1ITi_QGqZjh1:1noDmE:h2K4_1_gs5C6xC6VcQ2jMhSdql7SJjC-iBXWSOeK_Tc", "expire_date": "2022-05-10T01:00:58.807Z"}}, {"model": "sessions.session", "pk": "oms262ob5khcusxfln2gi2b6sin7yb0q", "fields": {"session_data": ".eJxVzMsKwjAQheF3yVpCJpeOcSn4HGGaTElQ02LShYjvroUudHu-w_8Sgdaew9r4EUoSJwHi8LuNFK9cN6BlaXIDrr1E6mWuctcmL_flNj-Zz_v9r5Gp5W8gOasBlFXgkGkwaIejpxQTJjV6MFHzAOgmz045Yx2g1kieKSqd1ITi_QGqZjh1:1noCoa:OONpsKrI29SW4Iw3pOElLOSQRaOclUQFezLqmsNNdsk", "expire_date": "2022-05-09T23:59:20.653Z"}}, {"model": "sessions.session", "pk": "p510juh82bgx2c8hqg3pyx35xlsw0ile", "fields": {"session_data": ".eJxVzMsKwjAQheF3yVpCJpeOcSn4HGGaTElQ02LShYjvroUudHu-w_8Sgdaew9r4EUoSJwHi8LuNFK9cN6BlaXIDrr1E6mWuctcmL_flNj-Zz_v9r5Gp5W8gOasBlFXgkGkwaIejpxQTJjV6MFHzAOgmz045Yx2g1kieKSqd1ITi_QGqZjh1:1nniN4:CB9RjnJ6aQlWn4gAbFF6kaUzIxgB3q3KCn5voVjvYbU", "expire_date": "2022-05-08T15:28:54.555Z"}}, {"model": "sessions.session", "pk": "v4m7y45vhll7qvbs0s8c3j2o3se9vuzp", "fields": {"session_data": ".eJxVzMsKwjAQheF3yVpCJpeOcSn4HGGaTElQ02LShYjvroUudHu-w_8Sgdaew9r4EUoSJwHi8LuNFK9cN6BlaXIDrr1E6mWuctcmL_flNj-Zz_v9r5Gp5W8gOasBlFXgkGkwaIejpxQTJjV6MFHzAOgmz045Yx2g1kieKSqd1ITi_QGqZjh1:1nnZla:Nux3GcUe4Zv-TiPKfAFD5kZImhY0uiFUW5d7L_DGcYI", "expire_date": "2022-05-08T06:17:38.657Z"}}, {"model": "service.service", "pk": 1, "fields": {"description": "Troca de pneu", "service_items": [1, 2, 3]}}, {"model": "service.service", "pk": 2, "fields": {"description": "Troca de oleo", "service_items": [4, 5]}}, {"model": "service.service", "pk": 3, "fields": {"description": "Revisão do motor", "service_items": [6, 7, 8, 10, 11]}}, {"model": "service.service", "pk": 4, "fields": {"description": "Troca de bateria", "service_items": [9, 10]}}, {"model": "service.service", "pk": 5, "fields": {"description": "Balanceamento", "service_items": [1, 5, 7]}}, {"model": "service.serviceitem", "pk": 1, "fields": {"description": "Desparafusar", "cost": 19.99}}, {"model": "service.serviceitem", "pk": 2, "fields": {"description": "Tirar pneu antigo", "cost": 24.99}}, {"model": "service.serviceitem", "pk": 3, "fields": {"description": "Colocar pneu novo", "cost": 25.29}}, {"model": "service.serviceitem", "pk": 4, "fields": {"description": "Derramar o oleo", "cost": 9.99}}, {"model": "service.serviceitem", "pk": 5, "fields": {"description": "Colocação de óleo e reparafusamento", "cost": 20.49}}, {"model": "service.serviceitem", "pk": 6, "fields": {"description": "Avaliação de motor", "cost": 40.49}}, {"model": "service.serviceitem", "pk": 7, "fields": {"description": "Checagem", "cost": 40.49}}, {"model": "service.serviceitem", "pk": 8, "fields": {"description": "Correção de erros do sistema", "cost": 40.49}}, {"model": "service.serviceitem", "pk": 9, "fields": {"description": "Retirada de bateria", "cost": 20.59}}, {"model": "service.serviceitem", "pk": 10, "fields": {"description": "Colocação de bateria", "cost": 20.59}}, {"model": "service.serviceitem", "pk": 11, "fields": {"description": "Parafusação de motor", "cost": 10.59}}, {"model": "service.serviceorder", "pk": 1, "fields": {"company": 1, "sponsor_employee": 7, "client": 3, "service": 1, "entrance_date": "2014-07-30", "departure_date": "2014-07-30"}}, {"model": "service.serviceorder", "pk": 2, "fields": {"company": 1, "sponsor_employee": 7, "client": 7, "service": 5, "entrance_date": "2014-07-30", "departure_date": "2022-05-09"}}, {"model": "service.serviceorder", "pk": 3, "fields": {"company": 1, "sponsor_employee": 10, "client": 4, "service": 4, "entrance_date": "2019-07-10", "departure_date": "2022-05-09"}}, {"model": "service.serviceorder", "pk": 4, "fields": {"company": 1, "sponsor_employee": 8, "client": 9, "service": 1, "entrance_date": "2022-05-09", "departure_date": null}}, {"model": "service.serviceorder", "pk": 5, "fields": {"company": 1, "sponsor_employee": 1, "client": 2, "service": 4, "entrance_date": "2022-05-09", "departure_date": "2022-05-09"}}, {"model": "service.serviceorder", "pk": 6, "fields": {"company": 1, "sponsor_employee": 10, "client": 10, "service": 3, "entrance_date": "2017-10-04", "departure_date": "2017-10-05"}}, {"model": "service.serviceitemorder", "pk": 1, "fields": {"service_order": 1, "service_item": 1, "sponsor_employee": 7, "finished": true}}, {"model": "service.serviceitemorder", "pk": 2, "fields": {"service_order": 1, "service_item": 2, "sponsor_employee": 9, "finished": true}}, {"model": "service.serviceitemorder", "pk": 3, "fields": {"service_order": 1, "service_item": 3, "sponsor_employee": 9, "finished": true}}, {"model": "service.serviceitemorder", "pk": 4, "fields": {"service_order": 2, "service_item": 1, "sponsor_employee": 7, "finished": true}}, {"model": "service.serviceitemorder", "pk": 5, "fields": {"service_order": 2, "service_item": 5, "sponsor_employee": 7, "finished": true}}, {"model": "service.serviceitemorder", "pk": 6, "fields": {"service_order": 2, "service_item": 7, "sponsor_employee": 7, "finished": true}}, {"model": "service.serviceitemorder", "pk": 7, "fields": {"service_order": 3, "service_item": 9, "sponsor_employee": 10, "finished": true}}, {"model": "service.serviceitemorder", "pk": 8, "fields": {"service_order": 3, "service_item": 10, "sponsor_employee": 10, "finished": true}}, {"model": "service.serviceitemorder", "pk": 9, "fields": {"service_order": 4, "service_item": 1, "sponsor_employee": 8, "finished": true}}, {"model": "service.serviceitemorder", "pk": 10, "fields": {"service_order": 4, "service_item": 2, "sponsor_employee": 8, "finished": true}}, {"model": "service.serviceitemorder", "pk": 11, "fields": {"service_order": 4, "service_item": 3, "sponsor_employee": 8, "finished": false}}, {"model": "service.serviceitemorder", "pk": 12, "fields": {"service_order": 5, "service_item": 9, "sponsor_employee": 1, "finished": true}}, {"model": "service.serviceitemorder", "pk": 13, "fields": {"service_order": 5, "service_item": 10, "sponsor_employee": 1, "finished": true}}, {"model": "service.serviceitemorder", "pk": 14, "fields": {"service_order": 6, "service_item": 6, "sponsor_employee": 10, "finished": true}}, {"model": "service.serviceitemorder", "pk": 15, "fields": {"service_order": 6, "service_item": 7, "sponsor_employee": 10, "finished": true}}, {"model": "service.serviceitemorder", "pk": 16, "fields": {"service_order": 6, "service_item": 8, "sponsor_employee": 10, "finished": true}}, {"model": "service.serviceitemorder", "pk": 17, "fields": {"service_order": 6, "service_item": 10, "sponsor_employee": 10, "finished": true}}, {"model": "service.serviceitemorder", "pk": 18, "fields": {"service_order": 6, "service_item": 11, "sponsor_employee": 10, "finished": true}}, {"model": "inventory.company", "pk": 1, "fields": {"name": "Auto Mecanica Ltda.", "cnpj": "03500385000144", "registration": "ISENTO", "address": "Lviv Raion, Kosteiv, 80370, Ukraine", "latitude": 50.9879, "longitude": 24.64, "distance_tolerance": 15.0}}, {"model": "inventory.employee", "pk": 1, "fields": {"password": "admin", "last_login": "2022-05-10T00:10:17.459Z", "name": "Marcelo Castro Alves", "speciality": "Chefe de  Oficina", "document": "37026790064", "rg": 16232797, "phone_number": "21998911345", "admission_date": "2021-04-02", "salary": 8000.0, "photo": "profiles/gerente-de-vendas.webp"}}, {"model": "inventory.employee", "pk": 3, "fields": {"password": "aNicePassword", "last_login": null, "name": "Douglas Costa", "speciality": "Programador", "document": "10010101001", "rg": 829834683, "phone_number": "87999999999", "admission_date": "2022-05-08", "salary": 150000.0, "photo": "profiles/119256400_1013786649065484_6139428380746869381_n.jpg"}}, {"model": "inventory.employee", "pk": 4, "fields": {"password": "admin", "last_login": null, "name": "Andréia Contigo", "speciality": "Recepcionista", "document": "10291995314", "rg": 177754059, "phone_number": "83983167259", "admission_date": "2015-06-30", "salary": 1200.0, "photo": "profiles/depositphotos_184087206-stock-photo-female-hotel-receptionist-at-workplace.jpg"}}, {"model": "inventory.employee", "pk": 5, "fields": {"password": "admin", "last_login": null, "name": "Maria Lima Silva", "speciality": "Administradora", "document": "44336727007", "rg": 439031394, "phone_number": "96981930108", "admission_date": "2014-04-30", "salary": 1800.0, "photo": "profiles/175447-administradora-de-condominio-o-que-se-observar-antes-de-contratar.jpg"}}, {"model": "inventory.employee", "pk": 6, "fields": {"password": "admin", "last_login": null, "name": "José da Silva dos Santos", "speciality": "Faturista", "document": "82336688778", "rg": 490160566, "phone_number": "83986767598", "admission_date": "2021-03-21", "salary": 1200.0, "photo": "profiles/homem-feliz-cancelou-com-faturamento-e-dividas_39688-3025.webp"}}, {"model": "inventory.employee", "pk": 7, "fields": {"password": "admin", "last_login": null, "name": "Antônio Fernando Pereira", "speciality": "Mecânico", "document": "89520226613", "rg": 216473986, "phone_number": "83995984954", "admission_date": "2014-04-30", "salary": 1200.0, "photo": "profiles/reparador_oficina_mecanica_usando_software_gerenciamento_oficina_mecanica_yAKVFqD.jpg"}}, {"model": "inventory.employee", "pk": 8, "fields": {"password": "admin", "last_login": null, "name": "Francisco Mateus Moura", "speciality": "Mecânico", "document": "61969638133", "rg": 460474364, "phone_number": "31999984059", "admission_date": "2014-04-30", "salary": 1200.0, "photo": "profiles/escolher-mecanico-capa.jpg"}}, {"model": "inventory.employee", "pk": 9, "fields": {"password": "admin", "last_login": null, "name": "Benjamin Edson Edson Brito", "speciality": "Mecânico", "document": "24693607908", "rg": 115085816, "phone_number": "85989641815", "admission_date": "2020-04-22", "salary": 1200.0, "photo": "profiles/15313391845b4661b0f08bf_1531339184_3x2_md.jpg"}}, {"model": "inventory.employee", "pk": 10, "fields": {"password": "admin", "last_login": null, "name": "Giovanni Vicente Heitor Porto", "speciality": "Mecânico", "document": "55573622900", "rg": 125669847, "phone_number": "95984745764", "admission_date": "2022-05-09", "salary": 1200.0, "photo": "profiles/e4f22867e08309fd6585e0fc12f99175.jpg"}}, {"model": "inventory.client", "pk": 1, "fields": {"document": "01201473608", "name": "Ryan Anthony Marcos da Mota", "address": "Rua Almirante Tamandaré, 698, casa, Matinha, Teresina, PI", "rg": 64002210, "phone_number": "233688754", "category": "ESPECIAL", "car": 1, "latitude": -157.9349, "longitude": 8.8121}}, {"model": "inventory.client", "pk": 2, "fields": {"document": "10043766773", "name": "Raimundo Raimundo Vieir", "address": "Rua dos Operadores, 342, casa, Indústrias, João Pessoa, PB, 58083120", "rg": 411768335, "phone_number": "8339299100", "category": "DEVEDORES", "car": 2, "latitude": 62.8339, "longitude": 53.5968}}, {"model": "inventory.client", "pk": 3, "fields": {"document": "13397959497", "name": "Mariana de Carvalho Nunes", "address": "Rua das Flores, 1097, Casa, Nossa Senhora das Flores, Serra Talhada, Pernambuco, 56912010", "rg": 1035789, "phone_number": "87996230399", "category": "ESPECIAL", "car": 3, "latitude": -52.815, "longitude": -169.2005}}, {"model": "inventory.client", "pk": 4, "fields": {"document": "47899359309", "name": "Jorge Vicente Gustavo Rocha", "address": "Passagem Acesio Guedes, 622, casa, Perpétuo Socorro, Macapá, AP, 68905695", "rg": 496309201, "phone_number": "9625371731", "category": "ESPECIAL", "car": 4, "latitude": -7.1156, "longitude": 93.5269}}, {"model": "inventory.client", "pk": 5, "fields": {"document": "53078938921", "name": "Heloisa Emilly Nascimento", "address": "Rua Diagonal Nordeste, 837, apartamento, Vila Caraípe, Teixeira de Freitas, BA, 45990480", "rg": 479365271, "phone_number": "7329413850", "category": "DEVEDORES", "car": 5, "latitude": -50.9673, "longitude": -92.3514}}, {"model": "inventory.client", "pk": 6, "fields": {"document": "56381020431", "name": "Hadassa Sônia Ester Pires", "address": "Rua João Vérgilio Antunes, 794, apartamento, São Martinho, Tubarão, SC, 88708720", "rg": 174282242, "phone_number": "48262750309", "category": "DEVEDORES", "car": 6, "latitude": -48.3142, "longitude": 2.6754}}, {"model": "inventory.client", "pk": 7, "fields": {"document": "63471398805", "name": "Giovana Isis Sophie Bernardes", "address": "Rua Luis de Albuquerque Lima, 236, casa, Santa Esmeralda, Arapiraca, AL, 57312024", "rg": 108309204, "phone_number": "8228612117", "category": "FREGUESES", "car": 7, "latitude": 28.8119, "longitude": 79.7485}}, {"model": "inventory.client", "pk": 8, "fields": {"document": "76252161950", "name": "Eloá Lavínia Brito", "address": "Rua Closvaldo Paes Carolino, 459, casa, Senador Hélio Campos, Boa Vista, RR, 69316570", "rg": 128133417, "phone_number": "9527889533", "category": "DEVEDORES", "car": 8, "latitude": -27.2268, "longitude": -50.4693}}, {"model": "inventory.client", "pk": 9, "fields": {"document": "80856934968", "name": "Laura Ana Fernandes", "address": "Rua Tropical, 781, casa, Nova Esperança, Blumenau, SC, 89051395", "rg": 411768335, "phone_number": "4735365238", "category": "DEVEDORES", "car": 9, "latitude": 69.54, "longitude": 167.9132}}, {"model": "inventory.client", "pk": 10, "fields": {"document": "82336688778", "name": "José da Silva dos Santos", "address": "Rua Rio Pardo, 904, Casa, Jardim Santa Luzia, Passos, MG, 37900558", "rg": 490160566, "phone_number": "83986767598", "category": "FREGUESES", "car": 10, "latitude": -60.3639, "longitude": -29.9007}}, {"model": "inventory.client", "pk": 11, "fields": {"document": "44336727007", "name": "Maria Lima Silva", "address": "Quadra Quadra 181, 644, Casa, Parque Estrela Dalva XI, Santo Antônio do Descoberto, GO", "rg": 72906526, "phone_number": "328420025", "category": "FREGUESES", "car": 11, "latitude": -65.8885, "longitude": 44.4165}}, {"model": "inventory.car", "pk": 1, "fields": {"license_plate": "KIL6353", "model": "Korando Canvas 2.9 TB Diesel Int. Aut", "brand": "SSANGYONG"}}, {"model": "inventory.car", "pk": 2, "fields": {"license_plate": "KFK8725", "model": "Engesa 4x4 2.5/4.1", "brand": "Engesa"}}, {"model": "inventory.car", "pk": 3, "fields": {"license_plate": "'KKI682", "model": "ETIOS 1.3 Flex 16V 5p Mec.", "brand": "Toyota"}}, {"model": "inventory.car", "pk": 4, "fields": {"license_plate": "KJA9496", "model": "ETIOS 1.3 Flex 16V 5p Mec.", "brand": "Toyota"}}, {"model": "inventory.car", "pk": 5, "fields": {"license_plate": "KKV0710", "model": "Jipe Montez Std 4x4 Teto de Lona Diesel", "brand": "JPX"}}, {"model": "inventory.car", "pk": 6, "fields": {"license_plate": "KFI9462", "model": "Renegade Lim. Edit. 1.8 4x2 Flex 16V Aut", "brand": "Jeep"}}, {"model": "inventory.car", "pk": 7, "fields": {"license_plate": "KIF2374", "model": "Javali 3.0 4x4 Diesel", "brand": "CBT Jipe"}}, {"model": "inventory.car", "pk": 8, "fields": {"license_plate": "KHU6541", "model": "TOPIC VAN SL 2.2 8V/ 2.0 16V 4p", "brand": "JINBEI"}}, {"model": "inventory.car", "pk": 9, "fields": {"license_plate": "KIJ1211", "model": "Trans-Sport SE 3.1", "brand": "Pontiac"}}, {"model": "inventory.car", "pk": 10, "fields": {"license_plate": "KFU7102", "model": "Jipe Montez Std 4x4 Teto de Lona Diesel", "brand": "SSANGYONG"}}, {"model": "inventory.car", "pk": 11, "fields": {"license_plate": "MXT9664", "model": "Korando Canvas 2.9 TB Diesel Int. Aut", "brand": "SSANGYONG"}}, {"model": "finance.serviceinvoice", "pk": 2, "fields": {"service_order": 1, "company_document": "03500385000144", "company_name": "Auto Mecanica Ltda.", "company_registration": "ISENTO", "client_name": "Mariana de Carvalho Nunes", "client_document": "13397959497", "client_address": "Rua das Flores, 1097, Casa, Nossa Senhora das Flores, Serra Talhada, Pernambuco, 56912010", "service_description": "Troca de pneu", "canceled": false, "payment_method": "Dinheiro", "invoice_date": "2022-05-09", "total": 70.27, "sent": true}}, {"model": "finance.serviceinvoice", "pk": 3, "fields": {"service_order": 3, "company_document": "03500385000144", "company_name": "Auto Mecanica Ltda.", "company_registration": "ISENTO", "client_name": "Jorge Vicente Gustavo Rocha", "client_document": "47899359309", "client_address": "Passagem Acesio Guedes, 622, casa, Perpétuo Socorro, Macapá, AP, 68905695", "service_description": "Troca de bateria", "canceled": false, "payment_method": "Dinheiro", "invoice_date": "2022-05-09", "total": 41.18, "sent": true}}, {"model": "finance.serviceinvoice", "pk": 4, "fields": {"service_order": 2, "company_document": "03500385000144", "company_name": "Auto Mecanica Ltda.", "company_registration": "ISENTO", "client_name": "Giovana Isis Sophie Bernardes", "client_document": "63471398805", "client_address": "Rua Luis de Albuquerque Lima, 236, casa, Santa Esmeralda, Arapiraca, AL, 57312024", "service_description": "Balanceamento", "canceled": false, "payment_method": "Dinheiro", "invoice_date": "2022-05-09", "total": 80.97, "sent": true}}, {"model": "finance.serviceinvoice", "pk": 5, "fields": {"service_order": 5, "company_document": "03500385000144", "company_name": "Auto Mecanica Ltda.", "company_registration": "ISENTO", "client_name": "Raimundo Raimundo Vieir", "client_document": "10043766773", "client_address": "Rua dos Operadores, 342, casa, Indústrias, João Pessoa, PB, 58083120", "service_description": "Troca de bateria", "canceled": true, "payment_method": "Boleto", "invoice_date": "2022-05-09", "total": 41.18, "sent": true}}, {"model": "finance.serviceinvoice", "pk": 6, "fields": {"service_order": 6, "company_document": "03500385000144", "company_name": "Auto Mecanica Ltda.", "company_registration": "ISENTO", "client_name": "José da Silva dos Santos", "client_document": "82336688778", "client_address": "Rua Rio Pardo, 904, Casa, Jardim Santa Luzia, Passos, MG, 37900558", "service_description": "Revisão do motor", "canceled": false, "payment_method": "Dinheiro", "invoice_date": "2022-05-09", "total": 152.65, "sent": true}}, {"model": "finance.invoiceserviceitem", "pk": 4, "fields": {"service_invoice": 2, "description": "Desparafusar", "cost": "19.99"}}, {"model": "finance.invoiceserviceitem", "pk": 5, "fields": {"service_invoice": 2, "description": "Tirar pneu antigo", "cost": "24.99"}}, {"model": "finance.invoiceserviceitem", "pk": 6, "fields": {"service_invoice": 2, "description": "Colocar pneu novo", "cost": "25.29"}}, {"model": "finance.invoiceserviceitem", "pk": 7, "fields": {"service_invoice": 3, "description": "Retirada de bateria", "cost": "20.59"}}, {"model": "finance.invoiceserviceitem", "pk": 8, "fields": {"service_invoice": 3, "description": "Colocação de bateria", "cost": "20.59"}}, {"model": "finance.invoiceserviceitem", "pk": 9, "fields": {"service_invoice": 4, "description": "Desparafusar", "cost": "19.99"}}, {"model": "finance.invoiceserviceitem", "pk": 10, "fields": {"service_invoice": 4, "description": "Colocação de óleo e reparafusamento", "cost": "20.49"}}, {"model": "finance.invoiceserviceitem", "pk": 11, "fields": {"service_invoice": 4, "description": "Checagem", "cost": "40.49"}}, {"model": "finance.invoiceserviceitem", "pk": 12, "fields": {"service_invoice": 5, "description": "Retirada de bateria", "cost": "20.59"}}, {"model": "finance.invoiceserviceitem", "pk": 13, "fields": {"service_invoice": 5, "description": "Colocação de bateria", "cost": "20.59"}}, {"model": "finance.invoiceserviceitem", "pk": 14, "fields": {"service_invoice": 6, "description": "Avaliação de motor", "cost": "40.49"}}, {"model": "finance.invoiceserviceitem", "pk": 15, "fields": {"service_invoice": 6, "description": "Checagem", "cost": "40.49"}}, {"model": "finance.invoiceserviceitem", "pk": 16, "fields": {"service_invoice": 6, "description": "Correção de erros do sistema", "cost": "40.49"}}, {"model": "finance.invoiceserviceitem", "pk": 17, "fields": {"service_invoice": 6, "description": "Colocação de bateria", "cost": "20.59"}}, {"model": "finance.invoiceserviceitem", "pk": 18, "fields": {"service_invoice": 6, "description": "Parafusação de motor", "cost": "10.59"}}]